{"train_step_loss": 4.01815128326416, "iou_loss": 2.5625, "lr": 1.1111111111111112e-08, "_timestamp": 1710762257.9450233, "_runtime": 9.099965333938599, "_step": 0, "_wandb": {"runtime": 9}}