{"train_step_loss": 2.6986790100733438, "iou_loss": 1.2777777777777777, "lr": 1.2000000000000002e-06, "_timestamp": 1710759577.3424814, "_runtime": 200.04740643501282, "_step": 179, "Validation BLEU Score": 0, "Validation Average IoU score": 0.0, "Validation GIoU BBox Loss": 2.375, "Validation GIoU BBox Score Batch": [[], [], [], [], [], [], [], []], "Validation Length of GIoU BBox Score Batch": 8, "_wandb": {"runtime": 200}}