{"train_step_loss": 3.020514488220215, "iou_loss": 1.3125, "lr": 2.2222222222222224e-08, "_timestamp": 1710758609.5411093, "_runtime": 10.65770936012268, "_step": 1, "_wandb": {"runtime": 10}}