{"BLEU Score trainng is": 0.0001444990190622866, "_timestamp": 1710762612.5140817, "_runtime": 70.41009473800659, "_step": 150, "Training Average IoU score": 0.0, "Trainig GIoU BBox Loss": 2.125, "Trainig GIoU BBox Score Batch": [[], [], [], [], [], [], [], [], [], [], [], [], [], [], [], [], [], [], [], [], [], [], [], [], [], [], [], [], [], [], [], []], "Trainig Length of GIoU BBox Score Batch": 32, "train_step_loss": 3.787264063551619, "iou_loss": 2.295748868504086, "lr": 4.111111111111112e-07, "_wandb": {"runtime": 71}}