{"BLEU Score trainng is": 1.0, "_timestamp": 1710770858.7686253, "_runtime": 8205.84807920456, "_step": 21822, "Training Average IoU score": 0.18111694644903764, "Trainig GIoU BBox Loss": 0.9112339615821838, "Trainig GIoU BBox Score Batch": [[[-0.15581652522087097, 0.057116106152534485, -0.4453867971897125], [0.3195187747478485, 0.15197184681892395, 0.15413175523281097]], [[0.20705321431159973, 0.25077858567237854], [-0.45322397351264954, 0.7203681468963623]], [[0.6815388202667236, 0.39943674206733704], [0.1328757405281067, 0.8686921000480652]], [[0.8044153451919556, 0.043669141829013824, 0.021171018481254578, 0.3412086069583893], [0.022355660796165466, 0.14423057436943054, -0.4160395562648773, 0.10623449087142944], [0.429756224155426, 0.14853493869304657, 0.14376384019851685, 0.5042078495025635], [0.07002788782119751, 0.05317487567663193, 0.1806999295949936, 0.37156447768211365]], [[0.02591194212436676, 0.1321733295917511], [-0.658132791519165, 0.1928173005580902]], 0.3855150640010834, 0.27403849363327026, [[0.1977401226758957, -0.5653820633888245, -0.6624147295951843, -0.8200482130050659], [0.3569771349430084, 0.12571218609809875, 0.12580084800720215, -0.45117905735969543], [0.2944273352622986, -0.1325487345457077, 0.23150619864463806, -0.3149261772632599], [0.3683663010597229, 0.06606637686491013, 0.121620774269104, 0.024237237870693207]], [[0.34758704900741577, -0.43259382247924805, -0.35668304562568665, 0.24533531069755554], [0.09194156527519226, 0.29544374346733093, 0.04988142102956772, 0.031274497509002686], [-0.6823488473892212, -0.466492235660553, -0.4614417850971222, -0.7546637654304504], [0.1681111752986908, 0.1291801482439041, 0.25168412923812866, 0.1014699637889862]], 0.16510866582393646, [[-0.14123329520225525, -0.06041187047958374, 0.3499245047569275], [-0.5649005770683289, -0.09214841574430466, -0.5550147891044617], [0.2596891224384308, 0.2458740770816803, 0.18764077126979828]], [[0.1598648726940155, 0.2273448258638382]], [[0.17824788391590118, -0.10836109519004822, -0.14037053287029266], [-0.5156688094139099, -0.04627276957035065, -0.6615164875984192]], [[-0.1637887805700302, -0.3995131254196167], [-0.4506494104862213, 0.2762061059474945]], [[0.3695533275604248, 0.2680567502975464]], [[0.20200565457344055, 0.1370716542005539], [0.3016260862350464, 0.08589556813240051]], [[0.3371613323688507, -0.16016079485416412, -0.16176463663578033, 0.024602146819233894, 0.04296772554516792], [0.345939964056015, 0.19029124081134796, -0.2501028776168823, 0.02524271421134472, -0.28306061029434204], [-0.44171854853630066, -0.6910959482192993, -0.10963301360607147, -0.7433789968490601, 0.06613565981388092], [0.3584854006767273, 0.07879631966352463, -0.19305428862571716, 0.026158133521676064, -0.22619295120239258]], [[0.15131878852844238, 0.39575961232185364, 0.12721490859985352], [0.35715344548225403, 0.30147671699523926, 0.09690817445516586], [0.4297730028629303, 0.2788305878639221, 0.0896286889910698]], [[0.28578200936317444, -0.3283315598964691, -0.4423705041408539], [0.11469952017068863, 0.002503722906112671, -0.2765783965587616], [-0.7784411907196045, -0.6103289723396301, -0.6267580986022949]], 0.04333619773387909, 0.4740651845932007, [[0.1383899450302124, 0.20625868439674377, 0.21165533363819122, -0.067713163793087, -0.1147223711013794], [-0.529117226600647, 0.098890021443367, -0.4415449798107147, -0.3283258080482483, 0.3809391260147095], [0.08851240575313568, 0.13832643628120422, 0.13537192344665527, 0.27582648396492004, 0.1454545557498932], [-0.7453008890151978, -0.5211893320083618, -0.5241739153862, 0.23962697386741638, 0.02610403299331665]], [[0.3289896845817566, -0.3645719885826111], [-0.2496774047613144, 0.7041985392570496]], [[0.1375000774860382, -0.5162294507026672], [0.04615586996078491, 0.22070759534835815]], 0.8275566101074219, [[-0.5510110855102539, -0.2588193714618683, -0.4685947299003601], [-0.3082791268825531, 0.25410279631614685, -0.2610955536365509], [-0.7323502898216248, 0.13372983038425446, -0.4874427914619446]], 0.4166303873062134, [[0.015693947672843933, -0.30201447010040283, 0.24811026453971863], [0.08565548807382584, 0.05679011717438698, 0.13121692836284637], [0.13558313250541687, -0.22170965373516083, 0.2922230660915375]], [[-0.1847221851348877, -0.7883687615394592, -0.7297558784484863, -0.3483750820159912], [-0.5315210819244385, 0.015751361846923828, -0.3741607964038849, -0.20195239782333374], [0.04621850699186325, -0.12400142103433609, 0.03011205978691578, 0.016498595476150513]], [[0.2568979263305664, -0.24093522131443024]], [[0.1389974057674408, -0.0938907340168953], [0.6445455551147461, -0.572011411190033]], [[0.21417400240898132, 0.13698630034923553, 0.23527443408966064, 0.012126090005040169], [-0.2505847215652466, 0.029126275330781937, 0.6779620051383972, -0.6015532612800598], [-0.4398040175437927, -0.5260690450668335, -0.41275542974472046, 0.0443742573261261]]], "Trainig Length of GIoU BBox Score Batch": 32, "train_step_loss": 1.1775774955749512, "iou_loss": 0.906549334526062, "lr": 5.498765432098766e-06, "Validation BLEU Score": 1.0, "Validation Average IoU score": 0.10897230571135878, "Validation GIoU BBox Loss": 0.9918055534362793, "Validation GIoU BBox Score Batch": [[[-0.6128048300743103, -0.9356853365898132, -0.8744137287139893, -0.8120327591896057], [-0.45487484335899353, -0.14797523617744446, -0.6122909784317017, -0.19482874870300293], [-0.08686899393796921, 0.010071990080177784, 0.06100021302700043, 0.043319061398506165]], [[0.11929395794868469, 0.05766071379184723, -0.29222169518470764], [0.06379317492246628, 0.0731157585978508, 0.05440091714262962]], [[-0.4760265350341797, -0.38132205605506897, -0.42624631524086], [-0.537092924118042, 0.04872410371899605, 0.09652364253997803], [-0.10687192529439926, 0.02759595401585102, 0.054668258875608444]], [[0.7044346332550049, -0.2786470353603363, -0.5840124487876892, -0.3531745672225952, -0.6940132975578308], [0.28806591033935547, 0.3903903663158417, -0.5762964487075806, -0.48660632967948914, -0.5228579640388489], [0.28158295154571533, -0.47723066806793213, 0.09116114675998688, 0.18726903200149536, -0.3020908534526825], [0.24384506046772003, -0.4186721444129944, 0.07894367724657059, 0.1621711254119873, -0.2003086656332016], [0.10654490441083908, 0.13026250898838043, 0.03449340537190437, 0.07085852324962616, 0.03973834216594696]], 0.4992280900478363, 0.2257813960313797, [[0.1859516054391861, -0.49137842655181885], [0.05120069533586502, 0.1260731816291809]], [[0.19300872087478638, -0.3313027024269104], [-0.4557649791240692, 0.6618679165840149]]], "Validation Length of GIoU BBox Score Batch": 8, "_wandb": {"runtime": 8205}}