{"train_step_loss": 2.912255334854126, "iou_loss": 1.1875, "lr": 1.1111111111111112e-07, "_timestamp": 1710759800.2995722, "_runtime": 27.89876413345337, "_step": 9, "_wandb": {"runtime": 28}}